alpha,n,trials,successes,success_rate,ci_low,ci_high,mean_death_step
1.0,100,24,24,1.0,0.8620194241710247,1.0000000000000002,
1.5,100,24,22,0.9166666666666666,0.741507847985494,0.9768416721570264,99.0
2.0,100,24,16,0.6666666666666666,0.46705959494080457,0.8202802131162036,98.75
2.5,100,24,2,0.08333333333333333,0.023158327842973517,0.2584921520145059,97.4090909090909
3.0,100,24,0,0.0,0.0,0.13798057582897535,96.125
3.5,100,24,0,0.0,0.0,0.13798057582897535,94.25
4.0,100,24,0,0.0,0.0,0.13798057582897535,92.25
4.5,100,24,0,0.0,0.0,0.13798057582897535,91.375
5.0,100,24,0,0.0,0.0,0.13798057582897535,90.04166666666667
