alpha,instances,trials,overall_success_rate,within_var,between_var,total_var,within_share,between_share
1.0,8,24,1.0,0.0,0.0,0.0,,
1.5,8,24,0.9166666666666666,0.05555555555555556,0.02083333333333334,0.0763888888888889,0.7272727272727273,0.27272727272727276
2.0,8,24,0.6666666666666666,0.16666666666666669,0.05555555555555556,0.22222222222222224,0.75,0.25
2.5,8,24,0.08333333333333333,0.05555555555555556,0.020833333333333332,0.0763888888888889,0.7272727272727273,0.2727272727272727
3.0,8,24,0.0,0.0,0.0,0.0,,
3.5,8,24,0.0,0.0,0.0,0.0,,
4.0,8,24,0.0,0.0,0.0,0.0,,
4.5,8,24,0.0,0.0,0.0,0.0,,
5.0,8,24,0.0,0.0,0.0,0.0,,
