level,alpha_e,alpha_r,gap,forfeiture
0.06868013,5.0,2.1163143881616393,2.8836856118383607,0.640819024852969
0.0779055994,4.964039893612875,2.084810224018213,2.879229669594662,0.6449829612217958
0.0871310688,4.928079787225749,2.05868601060291,2.869393776622839,0.6479995651615286
0.09635653820000001,4.898621711271061,2.0349946665301615,2.8636270447408996,0.6510282612853749
0.1055820076,4.869772658305749,2.0113033224574126,2.858469335848336,0.6541460069816593
0.11480747699999999,4.842623766259553,1.990495012301763,2.85212875395779,0.6567754674300104
0.1240329464,4.819178624675893,1.9723172966859457,2.8468613279899477,0.6591209985448503
0.1332584158,4.795733483092233,1.9541395810701285,2.8415939020221046,0.6614921324161425
0.1424838852,4.772761023706092,1.9359618654543114,2.8367991582517806,0.6639264734237834
0.15170935459999998,4.753402717201388,1.919316987300715,2.834085729900673,0.6663102269717401
0.16093482399999998,4.734044410696685,1.9050006993545248,2.82904371134216,0.6681658095496119
0.1701602934,4.714686104191982,1.8906844114083345,2.8240016927836473,0.6700384377320195
0.1793857628,4.696067474419601,1.8763681234621443,2.8196993509574564,0.6719861794756951
0.18861123219999998,4.679773865875367,1.862051835515954,2.8177220303594126,0.6741326494631544
0.1978367016,4.663480257331133,1.8481566649874108,2.8153235923437223,0.676194774164342
0.207062171,4.6471866487868985,1.8365027594033707,2.8106838893835278,0.677732672149127
0.21628764039999998,4.630893040242665,1.8248488538193306,2.806044186423334,0.6792827020906105
0.22551310979999997,4.616044460920577,1.8131949482352905,2.8028495126852864,0.6809570545937235
0.23473857919999996,4.602014646026644,1.8015410426512506,2.8004736033753934,0.6827068757757925
0.24396404859999998,4.587984831132712,1.7898871370672105,2.7980976940655014,0.6844687076028596
0.253189518,4.573955016238779,1.7782332314831704,2.7957217847556084,0.6862426741610709
0.26241498739999997,4.559925201344847,1.7678624167814507,2.7920627845633965,0.6877128631922893
0.2716404568,4.546371173067184,1.757984262143141,2.7883869109240433,0.689108040676956
0.28086592619999995,4.5339676253176355,1.7481061075048312,2.7858615178128043,0.6906008616252702
0.29009139559999997,4.521564077568087,1.7382279528665214,2.7833361247015653,0.6921028910683675
0.299316865,4.509160529818539,1.7283497982282114,2.7808107315903277,0.6936142144740189
0.30854233439999995,4.49675698206899,1.7184716435899017,2.7782853384790887,0.6951349183709592
0.31776780379999997,4.484353434319441,1.708593488951592,2.7757599453678496,0.696665090365401
0.3269932732,4.47222188993184,1.698858067119715,2.7733638228121253,0.6981895522608164
0.33621874259999995,4.460924467172482,1.6900774250471133,2.770847042125369,0.699545539201697
0.345444212,4.449627044413124,1.6812967829745114,2.7683302614386127,0.7009092834105706
0.35466968139999994,4.438329621653765,1.6725161409019094,2.7658134807518557,0.7022808516445224
0.36389515079999996,4.427032198894407,1.6637354988293074,2.7632967000650996,0.7036603114288346
0.3731206202,4.415734776135049,1.6549548567567054,2.7607799193783435,0.7050477310680675
0.38234608959999994,4.40443735337569,1.6461742146841034,2.7582631386915866,0.7064431796573335
0.39157155899999996,4.393544232974783,1.6373935726115014,2.7561506603632813,0.7078770640439086
0.4007970283999999,4.3829126306919495,1.6286129305388994,2.75429970015305,0.7093385718705247
0.41002249779999994,4.372281028409116,1.6201548398346464,2.7521261885744694,0.7107248075187224
0.41924796719999996,4.361649426126282,1.6119222562395794,2.749727169886702,0.7120602795487375
0.4284734365999999,4.351017823843448,1.6036896726445122,2.747328151198936,0.7134031253215567
0.43769890599999994,4.340386221560615,1.5954570890494453,2.7449291325111695,0.7147534060768802
0.44692437539999996,4.329754619277781,1.587224505454378,2.7425301138234035,0.7161111837344274
0.4561498447999999,4.319274243331527,1.578991921859311,2.7402823214722165,0.7174877075812934
0.46537531419999995,4.3089162130947285,1.570759338264244,2.7381568748304845,0.7188808368682239
0.47460078359999996,4.29855818285793,1.5625267546691768,2.7360314281887526,0.7202815638143625
0.48382625299999993,4.2882001526211315,1.5542941710741098,2.7339059815470215,0.7216899507422746
0.49305172239999995,4.277842122384333,1.5460916894205106,2.731750432963822,0.7230980926327635
0.5022771918,4.2674840921475345,1.5379220288301287,2.729562063317406,0.7245052657306659
0.5115026612,4.257126061910736,1.529752368239747,2.7273736936709887,0.7259201977066341
0.5207281306,4.246737163892518,1.521582707649365,2.7251544562431524,0.7273407066034934
0.5299535999999999,4.236280206506372,1.5134130470589835,2.7228671594473886,0.7287641742462939
0.5391790693999999,4.225823249120224,1.5052433864686017,2.7205798626516224,0.7301956321449309
0.5484045387999998,4.215366291734078,1.4970737258782199,2.718292565855858,0.7316351477655102
0.5576300081999999,4.204909334347931,1.488904065287838,2.7160052690600933,0.7330827893358188
0.5668554775999999,4.1944523769617845,1.4807344046974562,2.7137179722643285,0.7345386258561046
0.5760809469999999,4.183995419575637,1.4724410890344695,2.7115543305411673,0.7360362925895044
0.5853064163999999,4.173471573815621,1.4638565973060553,2.709614976509566,0.7376169713204284
0.5945318857999999,4.162536045933281,1.4552721055776414,2.7072639403556398,0.7391774187073643
0.6037573552,4.151600518050941,1.4466876138492273,2.7049129042017137,0.7407472123060914
0.6129828246,4.140664990168601,1.4381031221208134,2.702561868047787,0.7423264363367392
0.622208294,4.129729462286261,1.4295186303923995,2.7002108318938616,0.7439151760343806
0.6314337634,4.118793934403921,1.4209341386639853,2.6978597957399355,0.7455135176643654
0.6406592327999998,4.107858406521581,1.4123496469355716,2.6955087595860094,0.7471215485379348
0.6498847021999998,4.096671669009266,1.4037651552071575,2.692906513802109,0.7487218077217187
0.6591101715999999,4.084843387936254,1.3946522384159645,2.6901911495202895,0.7504347773108705
0.6683356409999999,4.0730151068632425,1.3851264842211286,2.687888622642114,0.7522746314391648
0.6775611103999999,4.06118682579023,1.375600730026293,2.685586095763937,0.7541267075107758
0.6867865797999999,4.049358544717218,1.3660749758314572,2.6832835688857606,0.7559911277150337
0.6960120491999999,4.037530263644206,1.3565492216366213,2.680981042007585,0.7578680158755046
0.7052375186,4.025701982571194,1.3470234674417856,2.678678515129408,0.7597574974774028
0.714462988,4.012583713286073,1.3374977132469499,2.6750860000391232,0.7615721697737252
0.7236884574,3.999384055815853,1.327971959052114,2.671412096763739,0.7633949444114161
0.7329139267999998,3.986184398345632,1.3173604231073408,2.6688239752382916,0.765542974865237
0.7421393961999998,3.9729847408754115,1.3062565161271482,2.6667282247482635,0.7678491049390789
0.7513648655999998,3.959785083405191,1.2951526091469554,2.6646324742582355,0.770172831555089
0.7605903349999998,3.9460812511289065,1.2840487021667628,2.6620325489621437,0.7724810748702123
0.7698158043999999,3.9309326141905543,1.27294479518657,2.657987819003984,0.7747129185838213
0.7790412737999999,3.915783977252202,1.2618408882063774,2.653943089045825,0.7769645582741934
0.7882667431999999,3.90063534031385,1.2507369812261846,2.6498983590876652,0.7792362584937149
0.7974922125999999,3.8854867033754976,1.2373921441937918,2.6480945591817058,0.7821902110976908
0.8067176819999999,3.869517229712419,1.2238880002061017,2.6456292295063175,0.7851656629552585
0.8159431514,3.851701339506534,1.2103838562184115,2.6413174832881223,0.7880527576114522
0.8251686208,3.8338854493006482,1.1968797122307213,2.637005737069927,0.7909707088535672
0.8343940901999998,3.8160695590947635,1.1833755682430316,2.632693990851732,0.7939200140211827
0.8436195595999998,3.797902945510742,1.1685406885006941,2.6293622570100474,0.7972830918475806
0.8528450289999998,3.7765090115090807,1.1515325605347935,2.6249764509742874,0.8011503834580594
0.8620704983999998,3.7551150775074196,1.1345244325688928,2.6205906449385266,0.8050685098805246
0.8712959677999998,3.7337211435057585,1.1175163046029921,2.6162048389027666,0.8090384800671072
0.8805214371999999,3.7095152519781163,1.1005081766370914,2.609007075341025,0.8128975469840871
0.8897469065999999,3.6833742313939246,1.078631083215756,2.6047431481781684,0.8182334085922448
0.8989723759999999,3.6572332108097325,1.0566040321101855,2.6006291786995472,0.8237051256763407
0.9081978453999999,3.6265652181955,1.0345769810046148,2.5919882371908853,0.8290210042977622
0.9174233148,3.5941654256841016,1.0085239791054121,2.5856414465786894,0.8356506814780336
0.9266487842,3.5584071083021684,0.9793740906856125,2.579033017616556,0.8432602090858564
0.9358742535999998,3.5177851234962936,0.9502242022658138,2.5675609212304797,0.8508097217524219
0.9450997229999998,3.471103358886147,0.9110891329407054,2.5600142259454417,0.8616375523553578
0.9543251923999998,3.418247632348904,0.8707469582919836,2.5475006740569204,0.8729556209753287
0.9635506617999998,3.3527326571095823,0.8173513267295262,2.5353813303800563,0.8887553216952795
0.9727761311999998,3.2679444540821367,0.7504763339207453,2.5174681201613915,0.9095081790563588
0.9820016005999999,3.148068840491915,0.6587728615797022,2.489295978912213,0.9400420188660171
0.99122707,2.94401263055623,0.5,2.44401263055623,1.0
